{
	"ambient_light":	[0.3196078431372549, 0.303921568627, 0.42941176470],
	"camera_position":	[1631.859375, 231.69088745117188, 161.43905639648438],
	"camera_target":	[1457.5323486328125, 178.344970703125, 79.1988525390625],
	"camera_fov":	80,
	"camera_near":	0.10000000149011612,
	"camera_far":	3000,
	"main_character":	{
		"name":	"Adventurer",
		"visible":	true,
		"model":	[1, 0, 0, 0, 0, 1, 0, 0, 0, 0, 1, 0, 0, 5, 0, 1],
		"mesh":	"",
		"material":	{
			"transparency":	"NO_ALPHA",
			"alpha_cutoff":	0.5,
			"two_sided":	false,
			"occlusion_factor":	[1, 1, 1],
			"albedo_factor":	[1, 1, 1],
			"specular_factor":	[1, 1, 1],
			"emissive_factor":	[0, 0, 0]
		}
	},
	"monster":	{
		"name":	"Wendigo",
		"visible":	true,
		"model":	[5.0001254081726074, 0, 0.000153570901602507, 0, 0, 4.9999990463256836, 0, 0, -0.000153570901602507, 0, 5.0001254081726074, 0, 1599.998291015625, 0, 471.2354736328125, 1],
		"mesh":	"",
		"material":	{
			"transparency":	"NO_ALPHA",
			"alpha_cutoff":	0.5,
			"two_sided":	false,
			"occlusion_factor":	[1, 1, 1],
			"albedo_factor":	[1, 1, 1],
			"specular_factor":	[1, 1, 1],
			"emissive_factor":	[0, 0, 0]
		}
	},
	"objects":	[ {
			"Object_ID":	1,
			"units":	1,
			"names":	["Tree"],
			"visibilities":	[true],
			"models":	[[1, 0, 0, 0, 0, 1, 0, 0, 0, 0, 1, 0, 600, 0, 0, 1]],
			"mesh":	"data/assets/treeWithoutLeaf/treeWL.obj",
			"material":	{
				"transparency":	"NO_ALPHA",
				"alpha_cutoff":	0.5,
				"two_sided":	false,
				"occlusion_factor":	[0.83600002527236938, 0.83600002527236938, 0.83600002527236938],
				"albedo_factor":	[0.90200001001358032, 0.90200001001358032, 0.90200001001358032],
				"specular_factor":	[0.34999999403953552, 0.34999999403953552, 0.34999999403953552],
				"emissive_factor":	[1, 1, 1],
				"albedo_texture":	"data/assets/treeWithoutLeaf/tree_00_d.tga"
			},
			"node_ID":	[-1],
			"children_ID":	[],
			"Object_type":	0
		}, {
			"Object_ID":	2,
			"units":	1,
			"names":	["Fence"],
			"visibilities":	[true],
			"models":	[[1, 0, 0, 0, 0, 1, 0, 0, 0, 0, 1, 0, 0, 170, 600, 1]],
			"mesh":	"data/assets/fences/fence.obj",
			"material":	{
				"transparency":	"NO_ALPHA",
				"alpha_cutoff":	0.5,
				"two_sided":	false,
				"occlusion_factor":	[0.83600002527236938, 0.83600002527236938, 0.83600002527236938],
				"albedo_factor":	[0.90200001001358032, 0.90200001001358032, 0.90200001001358032],
				"specular_factor":	[0.34999999403953552, 0.34999999403953552, 0.34999999403953552],
				"emissive_factor":	[1, 1, 1]
			},
			"node_ID":	[-1],
			"children_ID":	[],
			"Object_type":	0
		}, {
			"Object_ID":	3,
			"units":	1,
			"names":	["Apple"],
			"visibilities":	[true],
			"models":	[[1, 0, 0, 0, 0, 1, 0, 0, 0, 0, 1, 0, -200, 100, 0, 1]],
			"mesh":	"data/assets/apple/apple.obj",
			"material":	{
				"transparency":	"NO_ALPHA",
				"alpha_cutoff":	0.5,
				"two_sided":	false,
				"occlusion_factor":	[1.000000, 1.000000, 1.000000],
				"albedo_factor":	[1.000000, 1.000000, 1.000000],
				"specular_factor":	[0.420690, 0.420690, 0.420690],
				"albedo_texture":		"data/assets/apple/apple_albedo.png",
				"occlusion_texture":	"data/assets/apple/apple_AO.jpeg",
				"roughness_texture":	"data/assets/apple/apple_roughness.png"
			},
			"node_ID":	[-1],
			"children_ID":	[],
			"Object_type":	2
		}, {
			"Object_ID":	5,
			"units":	1,
			"names":	["Battery"],
			"visibilities":	[true],
			"models":	[[1, 0, 0, 0, 0, 1, 0, 0, 0, 0, 1, 0, 20, 100, 0, 1]],
			"mesh":	"data/assets/battery/battery.obj",
			"material":	{
				"transparency":	"NO_ALPHA",
				"alpha_cutoff":	0.5,
				"two_sided":	false,
				"occlusion_factor":	[0.83600002527236938, 0.83600002527236938, 0.83600002527236938],
				"albedo_factor":	[0.90200001001358032, 0.90200001001358032, 0.90200001001358032],
				"specular_factor":	[0.34999999403953552, 0.34999999403953552, 0.34999999403953552],
				"emissive_factor":	[1, 1, 1],
				"albedo_texture":	"data/assets/battery/battery_Material.tga"
			},
			"node_ID":	[-1],
			"children_ID":	[],
			"Object_type":	3
		}, {
			"Object_ID":	7,
			"units":	1,
			"names":	["flashlight"],
			"visibilities":	[true],
			"models":	[[0.42666321992874146, 0, -0.90441054105758667, 0, 0.0233955215662718, 0.99966531991958618, 0.0110370321199298, 0, 0.904107928276062, -0.0258682537823915, 0.426520437002182, 0, 1562.1278076171875, 175.352294921875, 128.54263305664062, 1]],
			"mesh":	"data/assets/flashlight/flashlight.obj",
			"material":	{
				"transparency":	"NO_ALPHA",
				"alpha_cutoff":	0.5,
				"two_sided":	false,
				"albedo_texture":		"data/assets/flashlight/flashlightColor.png",
				"normal_texture":		"data/assets/flashlight/flashlightNormal.png",
				"occlusion_texture":	"data/assets/flashlight/flashlightAO.png",
				"roughness_texture":	"data/assets/flashlight/flashlightSmoothness.png",
				"metalness_texture":	"data/assets/flashlight/flashlightMetallic.png",
				"emissive_texture":		"data/assets/flashlight/flashlighemissive.png"
			},
			"node_ID":	[-1],
			"children_ID":	[],
			"Object_type":	0
		}, {
			"Object_ID":	8,
			"units":	1,
			"names":	["Wendigo"],
			"visibilities":	[true],
			"models":	[[1, 0, 0, 0, 0, 1, 0, 0, 0, 0, 1, 0, 0, 0, 0, 1]],
			"mesh":	"",
			"material":	{
				"transparency":	"NO_ALPHA",
				"alpha_cutoff":	0.5,
				"two_sided":	false,
				"occlusion_factor":	[1, 1, 1],
				"albedo_factor":	[1, 1, 1],
				"specular_factor":	[1, 1, 1],
				"emissive_factor":	[0, 0, 0]
			},
			"node_ID":	[0],
			"children_ID":	[],
			"Object_type":	0
		}],
	"lights":	[{
			"Light_ID":	2,
			"units":	1,
			"names":	["flashlight"],
			"visibilities":	[true],
			"models":	[[0.426663190126419, 0, -0.90441054105758667, 0, 0.178823173046112, 0.98025780916213989, 0.0843613222241402, 0, 0.88655561208724976, -0.197723463177681, 0.41823998093605042, 0, 1562.1278076171875, 155.01763916015625, 128.54263305664062, 1]],
			"color":	[0.10000000149011612, 1, 0.800000011920929],
			"intensity":	10,
			"max_distance":	2500,
			"cone_angle":	20,
			"cone_exp":	30,
			"cast_shadows":	true,
			"shadow_bias":	0.00100000004749745,
			"light_type":	"SPOT_LIGHT"
		}],
	"sounds":	[{
			"Sound_ID":	1,
			"units":	1,
			"names":	["shotgun_song"],
			"visibilities":	[true],
			"models":	[[1, 0, 0, 0, 0, 1, 0, 0, 0, 0, 1, 0, 0, 0, 0, 1]],
			"filename":	"data/sounds/shotgun.mp3"
		}, {
			"Sound_ID":	-1,
			"units":	1,
			"names":	["dreamer_song"],
			"visibilities":	[true],
			"models":	[[1, 0, 0, 0, 0, 1, 0, 0, 0, 0, 1, 0, 0, 0, 0, 1]],
			"filename":	"data/sounds/dreamer.mp3"
		}]
}