{
	"ambient_light":	[0.0419607870280743, 0.0603921562433243, 0.0429411754012108],
	"camera_position":	[6067.4794921875, 231.69088745117188, 1913.8226318359375],
	"camera_target":	[5917.42822265625, 146.51156616210938, 2014.89404296875],
	"camera_fov":	80,
	"camera_near":	0.10000000149011612,
	"camera_far":	3000,
	"main_character":	{
		"name":	"Adventurer",
		"visible":	true,
		"model":	[-0.55866307020187378, 0, -0.82939469814300537, 0, -0.35329675674438477, 0.90473759174346924, 0.23797336220741272, 0, 0.7503846287727356, 0.42596942186355591, -0.5054435133934021, 0, 6067.4794921875, 231.69088745117188, 1913.8226318359375, 1],
		"mesh":	"",
		"material":	{
			"transparency":	"NO_ALPHA",
			"alpha_cutoff":	0.5,
			"two_sided":	false,
			"occlusion_factor":	[1, 1, 1],
			"albedo_factor":	[1, 1, 1],
			"specular_factor":	[1, 1, 1],
			"emissive_factor":	[0, 0, 0]
		}
	},
	"monster":	{
		"name":	"Monster",
		"visible":	true,
		"model":	[1.3083565235137939, 0, 4.8259801864624023, 0, 0, 4.999997615814209, 0, 0, -4.8259801864624023, 0, 1.3083565235137939, 0, 947.4739990234375, 0, -256.73678588867188, 1],
		"mesh":	"data/assets/monster/monster.obj",
		"material":	{
			"transparency":	"NO_ALPHA",
			"alpha_cutoff":	0.5,
			"two_sided":	false,
			"occlusion_factor":	[1, 1, 1],
			"albedo_factor":	[1, 1, 1],
			"specular_factor":	[1, 1, 1],
			"emissive_factor":	[0, 0, 0],
			"albedo_texture":	"data/assets/monster/_MaleHeroStanding_v1_albedo.png",
			"specular_texture":	"data/assets/monster/_MaleHeroStanding_v1_specular.png",
			"normal_texture":	"data/assets/monster/_MaleHeroStanding_v1_normal.png"
		}
	},
	"objects":	[{
			"Object_ID":	1,
			"units":	31,
			"names":	["TreeWL", "TreeWL", "TreeWL", "TreeWL", "TreeWL", "TreeWL", "TreeWL", "TreeWL", "TreeWL", "TreeWL", "TreeWL", "TreeWL", "TreeWL", "TreeWL", "TreeWL", "TreeWL", "TreeWL", "TreeWL", "TreeWL", "TreeWL", "TreeWL", "TreeWL", "TreeWL", "TreeWL", "TreeWL", "TreeWL", "TreeWL", "TreeWL", "TreeWL", "TreeWL", "TreeWL"],
			"visibilities":	[true, true, true, true, true, true, true, true, true, true, true, true, true, true, true, true, true, true, true, true, true, true, true, true, true, true, true, true, true, true, true],
			"models":	[[1, 0, 0, 0, 0, 1, 0, 0, 0, 0, 1, 0, 600, 0, 0, 1], [1, 0, 0, 0, 0, 1, 0, 0, 0, 0, 1, 0, 182.54635620117188, 0, 2247.8701171875, 1], [1, 0, 0, 0, 0, 1, 0, 0, 0, 0, 1, 0, 32.173431396484375, -1.52587890625e-05, 3102.310791015625, 1], [1, 0, 0, 0, 0, 1, 0, 0, 0, 0, 1, 0, -588.5042724609375, 0, 4520.6630859375, 1], [1, 0, 0, 0, 0, 1, 0, 0, 0, 0, 1, 0, 387.19180297851562, -1.52587890625e-05, 5613.69580078125, 1], [1, 0, 0, 0, 0, 1, 0, 0, 0, 0, 1, 0, 183.33450317382812, 0, 6830.5595703125, 1], [1, 0, 0, 0, 0, 1, 0, 0, 0, 0, 1, 0, 2404.950439453125, 0, 6462.02001953125, 1], [1, 0, 0, 0, 0, 1, 0, 0, 0, 0, 1, 0, 4115.841796875, 0, 6242.791015625, 1], [1, 0, 0, 0, 0, 1, 0, 0, 0, 0, 1, 0, 4907.953125, 0, 5234.27734375, 1], [1, 0, 0, 0, 0, 1, 0, 0, 0, 0, 1, 0, 5973.9306640625, 0, 6302.49609375, 1], [1, 0, 0, 0, 0, 1, 0, 0, 0, 0, 1, 0, 6960.951171875, -1.52587890625e-05, 6766.72021484375, 1], [1, 0, 0, 0, 0, 1, 0, 0, 0, 0, 1, 0, 6897.50341796875, -1.52587890625e-05, 4975.095703125, 1], [1, 0, 0, 0, 0, 1, 0, 0, 0, 0, 1, 0, 6886.171875, -1.52587890625e-05, 3826.319580078125, 1], [1, 0, 0, 0, 0, 1, 0, 0, 0, 0, 1, 0, 5634.94384765625, -1.52587890625e-05, 3048.54296875, 1], [1, 0, 0, 0, 0, 1, 0, 0, 0, 0, 1, 0, 6637.81689453125, 0, 1834.10791015625, 1], [1, 0, 0, 0, 0, 1, 0, 0, 0, 0, 1, 0, 5482.61279296875, -1.52587890625e-05, 1459.8248291015625, 1], [1, 0, 0, 0, 0, 1, 0, 0, 0, 0, 1, 0, 6197.2822265625, 1.52587890625e-05, 526.537353515625, 1], [1, 0, 0, 0, 0, 1, 0, 0, 0, 0, 1, 0, 5350.921875, 0, 12.695281982421875, 1], [1, 0, 0, 0, 0, 1, 0, 0, 0, 0, 1, 0, 5765.57470703125, -1.52587890625e-05, -516.94927978515625, 1], [1, 0, 0, 0, 0, 1, 0, 0, 0, 0, 1, 0, 6986.4228515625, 0, -864.5965576171875, 1], [1, 0, 0, 0, 0, 1, 0, 0, 0, 0, 1, 0, 4365.61474609375, 0, -914.76611328125, 1], [1, 0, 0, 0, 0, 1, 0, 0, 0, 0, 1, 0, 3754.488037109375, 0, -84.60003662109375, 1], [1, 0, 0, 0, 0, 1, 0, 0, 0, 0, 1, 0, 2400.80126953125, 0, -583.5675048828125, 1], [1, 0, 0, 0, 0, 1, 0, 0, 0, 0, 1, 0, 1747.3775634765625, 0, 1218.105712890625, 1], [1, 0, 0, 0, 0, 1, 0, 0, 0, 0, 1, 0, 1520.990234375, 0, 4533.7197265625, 1], [1, 0, 0, 0, 0, 1, 0, 0, 0, 0, 1, 0, 1451.5673828125, 0, 3304.130126953125, 1], [1, 0, 0, 0, 0, 1, 0, 0, 0, 0, 1, 0, 2186.53662109375, 0, 2337.40185546875, 1], [1, 0, 0, 0, 0, 1, 0, 0, 0, 0, 1, 0, 3469.408203125, 0, 1138.05078125, 1], [1, 0, 0, 0, 0, 1, 0, 0, 0, 0, 1, 0, 4633.431640625, 0, 742.653564453125, 1], [1, 0, 0, 0, 0, 1, 0, 0, 0, 0, 1, 0, 4140.6796875, 0, 2479.06103515625, 1], [1, 0, 0, 0, 0, 1, 0, 0, 0, 0, 1, 0, 4576.63916015625, 0, 3869.517333984375, 1]],
			"mesh":	"data/assets/treeWithoutLeaf/treeWL.obj",
			"material":	{
				"transparency":	"NO_ALPHA",
				"alpha_cutoff":	0.5,
				"two_sided":	false,
				"occlusion_factor":	[0.83600002527236938, 0.83600002527236938, 0.83600002527236938],
				"albedo_factor":	[0.90200001001358032, 0.90200001001358032, 0.90200001001358032],
				"specular_factor":	[0.34999999403953552, 0.34999999403953552, 0.34999999403953552],
				"emissive_factor":	[1, 1, 1],
				"albedo_texture":	"data/assets/treeWithoutLeaf/tree_00_d.tga"
			},
			"node_ID":	[-1, 1, 2, 3, 4, 5, 6, 7, 8, 9, 10, 11, 12, 13, 14, 15, 16, 17, 18, 19, 20, 21, 22, 23, 24, 25, 26, 27, 28, 29, 30],
			"children_ID":	[],
			"Object_type":	0
		}, {
			"Object_ID":	5,
			"units":	1,
			"names":	["flashlight"],
			"visibilities":	[true],
			"models":	[[1, 0, 0, 0, 0, 1, 0, 0, 0, 0, 1, 0, -20, -30, -60, 1]],
			"mesh":	"data/assets/flashlight/flashlight.obj",
			"material":	{
				"transparency":	"NO_ALPHA",
				"alpha_cutoff":	0.5,
				"two_sided":	false,
				"occlusion_factor":	[0.800000011920929, 0.800000011920929, 0.800000011920929],
				"albedo_factor":	[0.800000011920929, 0.800000011920929, 0.800000011920929],
				"specular_factor":	[0.800000011920929, 0.800000011920929, 0.800000011920929],
				"emissive_factor":	[0, 0, 0],
				"albedo_texture":	"data/assets/flashlight/flashlightColor.png",
				"normal_texture":	"data/assets/flashlight/flashlightNormal.png",
				"occlusion_texture":	"data/assets/flashlight/flashlightAO.png",
				"metalness_texture":	"data/assets/flashlight/flashlightMetallic.png",
				"roughness_texture":	"data/assets/flashlight/flashlightSmoothness.png",
				"emissive_texture":	"data/assets/flashlight/flashlighemissive.png"
			},
			"node_ID":	[-1],
			"children_ID":	[],
			"Object_type":	0
		}, {
			"Object_ID":	3,
			"units":	10,
			"names":	["Apple", "Apple", "Apple", "Apple", "Apple", "Apple", "Apple", "Apple", "Apple", "Apple"],
			"visibilities":	[true, true, true, true, true, true, true, true, true, true],
			"models":	[[1, 0, 0, 0, 0, 1, 0, 0, 0, 0, 1, 0, 770.39306640625, 0, 28.54833984375, 1], [1, 0, 0, 0, 0, 1, 0, 0, 0, 0, 1, 0, 43.016555786132812, 0, 6759.9755859375, 1], [1, 0, 0, 0, 0, 1, 0, 0, 0, 0, 1, 0, 7170.001953125, 0, 6830.81689453125, 1], [1, 0, 0, 0, 0, 1, 0, 0, 0, 0, 1, 0, 4537.1748046875, 0, 1557.450927734375, 1], [1, 0, 0, 0, 0, 1, 0, 0, 0, 0, 1, 0, 6302.69873046875, -1.52587890625e-05, -1002.907470703125, 1], [1, 0, 0, 0, 0, 1, 0, 0, 0, 0, 1, 0, 90.0301513671875, 0, 3251.06396484375, 1], [1, 0, 0, 0, 0, 1, 0, 0, 0, 0, 1, 0, -119.32769775390625, 0, 7002.1708984375, 1], [1, 0, 0, 0, 0, 1, 0, 0, 0, 0, 1, 0, 2805.66259765625, 0, 4282.07861328125, 1], [1, 0, 0, 0, 0, 1, 0, 0, 0, 0, 1, 0, 4176.34228515625, 0, 6371.724609375, 1], [1, 0, 0, 0, 0, 1, 0, 0, 0, 0, 1, 0, 7114.91064453125, 0, 3567.775634765625, 1]],
			"mesh":	"data/assets/apple/apple.obj",
			"material":	{
				"transparency":	"NO_ALPHA",
				"alpha_cutoff":	0.5,
				"two_sided":	false,
				"occlusion_factor":	[1, 1, 1],
				"albedo_factor":	[1, 1, 1],
				"specular_factor":	[0.42069000005722046, 0.42069000005722046, 0.42069000005722046],
				"emissive_factor":	[0, 0, 0],